{
  "hit_distribution": {
    "1B": 0.6439631394182548,
    "2B": 0.19307923771313942,
    "3B": 0.01573470411233701,
    "HR": 0.1472229187562688
  },
  "slash_line": {
    "BA": 0.2517184115523466,
    "OBP": 0.3216787003610108,
    "SLG": 0.41696750902527074,
    "ISO": 0.1652779783393502
  },
  "season": 2025,
  "n_players": 277,
  "total_hits": 31904
}